<?xml version="1.0" encoding="UTF-8"?>
<prefab>
    <property name="CopyAirBlocks" value="False" />
    <property name="AllowTopSoilDecorations" value="False" />
    <property name="Zoning" value="NavOnly" />
    <property name="ExcludeDistantPOIMesh" value="True" />
    <property name="TraderArea" value="False" />
    <property name="SleeperVolumeSize" value="20, 5, 20#20, 5, 20#20, 5, 20#20, 5, 20#20, 5, 20#20, 5, 20#20, 5, 20" />
    <property name="SleeperVolumeStart" value="132, 1, 3#28, 1, 3#54, 1, 3#80, 1, 3#106, 1, 3#158, 1, 3#2, 1, 3" />
    <property name="SleeperVolumeGroup" value="S_Default_L,S_Default_S,S_Default_Med,S_Default_L,S_Default_XL,S_Default_XL,S_LootRoom_XS" />
    <property name="SleeperVolumeGameStageAdjust" value=",0,0,0,0,," />
    <property name="SleeperIsLootVolume" value="False,False,False,False,False,False,False" />
</prefab>
