<?xml version="1.0" encoding="UTF-8"?>
<prefab>
    <property name="CopyAirBlocks" value="False" />
    <property name="AllowTopSoilDecorations" value="False" />
    <property name="Zoning" value="NavOnly" />
    <property name="ExcludeDistantPOIMesh" value="True" />
    <property name="TraderArea" value="False" />
    <property name="SleeperVolumeSize" value="24, 5, 24#24, 5, 24#24, 5, 24#24, 5, 24#24, 5, 24#24, 5, 24" />
    <property name="SleeperVolumeStart" value="0, 1, 1#26, 1, 1#52, 1, 1#78, 1, 1#104, 1, 1#130, 1, 1" />
    <property name="SleeperVolumeGroup" value="S_LootRoom_XL,S_LootRoom_XL,S_LootRoom_XL,S_LootRoom_XL,S_LootRoom_XL,S_LootRoom_XL" />
    <property name="SleeperVolumeGameStageAdjust" value="0,0,0,0,0,0" />
    <property name="DistantPOIYOffset" value="0" />
    <property name="SleeperIsLootVolume" value="False,False,False,False,False,False" />
</prefab>
