<?xml version="1.0" encoding="UTF-8"?>
<prefab>
    <property name="CopyAirBlocks" value="False" />
    <property name="AllowTopSoilDecorations" value="False" />
    <property name="Zoning" value="ResidentialNew,downtown" />
    <property name="RotationToFaceNorth" value="2" />
    <property name="AllowedTownships" value="city" />
    <property name="Condition" value="New" />
    <property name="TraderArea" value="False" />
    <property name="ExcludeDistantPOIMesh" value="False" />
    <property name="SleeperVolumeSize" value="45, 6, 33#45, 4, 33#45, 4, 33#45, 4, 33#45, 11, 33#10, 11, 8" />
    <property name="SleeperVolumeStart" value="0, 0, 4#0, 6, 4#0, 10, 4#0, 14, 4#0, 18, 4#35, 18, 4" />
    <property name="SleeperVolumeGroup" value="S_Default_Med,S_Default_Med,S_Default_Med,S_Default_Med,S_Default_Med,S_LootRoom_S" />
    <property name="SleeperVolumeGameStageAdjust" value=",,,,,medium" />
    <property name="SleeperIsLootVolume" value="False,False,False,False,False,True" />
    <property name="DistantPOIYOffset" value="0" />
</prefab>
