<?xml version="1.0" encoding="UTF-8"?>
<prefab>
    <property name="CopyAirBlocks" value="True" />
    <property name="AllowTopSoilDecorations" value="False" />
    <property name="RotationToFaceNorth" value="2" />
    <property name="YOffset" value="-1" />
    <property name="Zoning" value="Industrial" />
    <property name="AllowedTownships" value="city,town,rural,wilderness" />
    <property name="Age" value="Old" />
    <property name="Condition" value="Normal" />
    <property name="TraderArea" value="False" />
    <property name="ExcludeDistantPOIMesh" value="False" />
    <property name="SleeperVolumeSize" value="66, 9, 62" />
    <property name="SleeperVolumeStart" value="-10, 1, -10" />
    <property name="SleeperVolumeGroup" value="S_ZomSoldier_Med" />
    <property name="SleeperVolumeGameStageAdjust" value="" />
    <property name="SleeperIsLootVolume" value="False" />
    <property name="DistantPOIYOffset" value="0" />
</prefab>
