<?xml version="1.0" encoding="UTF-8"?>
<prefab>
    <property name="CopyAirBlocks" value="True" />
    <property name="AllowTopSoilDecorations" value="False" />
    <property name="Zoning" value="Commercial,downtown" />
    <property name="RotationToFaceNorth" value="2" />
    <property name="AllowedTownships" value="city,town,rural,wilderness" />
    <property name="YOffset" value="-1" />
    <property name="TraderArea" value="False" />
    <property name="ExcludeDistantPOIMesh" value="False" />
    <property name="SleeperVolumeSize" value="25, 10, 41" />
    <property name="SleeperVolumeStart" value="0, 1, 3" />
    <property name="SleeperVolumeGroup" value="S_BikerBar_Med" />
    <property name="SleeperVolumeGameStageAdjust" value="" />
    <property name="SleeperIsLootVolume" value="False" />
    <property name="DistantPOIYOffset" value="0" />
</prefab>
