<?xml version="1.0" encoding="UTF-8"?>
<prefab>
    <property name="CopyAirBlocks" value="True" />
    <property name="AllowTopSoilDecorations" value="False" />
    <property name="Zoning" value="ResidentialOld" />
    <property name="RotationToFaceNorth" value="2" />
    <property name="AllowedTownships" value="rural,town,wilderness" />
    <property name="YOffset" value="-12" />
    <property name="TraderArea" value="False" />
    <property name="ExcludeDistantPOIMesh" value="False" />
    <property name="SleeperVolumeSize" value="11, 10, 17#9, 5, 15#29, 11, 34" />
    <property name="SleeperVolumeStart" value="15, 12, 3#20, 0, 19#0, 0, 0" />
    <property name="SleeperVolumeGroup" value="S_Default_XS,S_Default_Med,S_LootRoom_S,S_Default_Med" />
    <property name="SleeperVolumeGameStageAdjust" value=",medium,hard,medium" />
    <property name="SleeperIsLootVolume" value="False,False,True,False" />
    <property name="DistantPOIYOffset" value="0" />
</prefab>
