<?xml version="1.0" encoding="UTF-8"?>
<prefab>
    <property name="CopyAirBlocks" value="True" />
    <property name="AllowTopSoilDecorations" value="True" />
    <property name="Zoning" value="commercial,downtown" />
    <property name="YOffset" value="-1" />
    <property name="RotationToFaceNorth" value="2" />
    <property name="AllowedTownships" value="city,town,rural" />
    <property name="TraderArea" value="False" />
    <property name="ExcludeDistantPOIMesh" value="False" />
    <property name="SleeperVolumeSize" value="19, 17, 23#13, 19, 22#10, 17, 21#13, 18, 22#13, 19, 22#10, 17, 23#13, 15, 23" />
    <property name="SleeperVolumeStart" value="4, 1, 5#23, 1, 7#36, 1, 7#46, 0, 9#59, 1, 6#72, 1, 7#82, 1, 6" />
    <property name="SleeperVolumeGroup" value="S_Default_Med,S_Default_Med,S_Default_Med,S_Default_Med,S_Default_Med,S_Default_Med,S_Default_Med" />
    <property name="SleeperVolumeGameStageAdjust" value=",,medium,,,medium," />
    <property name="SleeperIsLootVolume" value="False,False,False,False,False,False,False" />
    <property name="DistantPOIYOffset" value="0" />
</prefab>
