<?xml version="1.0" encoding="UTF-8"?>
<prefab>
    <property name="CopyAirBlocks" value="True" />
    <property name="AllowTopSoilDecorations" value="True" />
    <property name="Zoning" value="commercial,downtown" />
    <property name="YOffset" value="-1" />
    <property name="RotationToFaceNorth" value="2" />
    <property name="AllowedTownships" value="city,town,rural" />
    <property name="TraderArea" value="False" />
    <property name="ExcludeDistantPOIMesh" value="False" />
    <property name="SleeperVolumeSize" value="11, 13, 21#7, 4, 10" />
    <property name="SleeperVolumeStart" value="1, 1, 8#5, 1, 19" />
    <property name="SleeperVolumeGroup" value="S_Default_S,S_LootRoom_XS" />
    <property name="SleeperVolumeGameStageAdjust" value=",easy" />
    <property name="SleeperIsLootVolume" value="False,True" />
    <property name="DistantPOIYOffset" value="0" />
</prefab>
