<?xml version="1.0" encoding="UTF-8"?>
<prefab>
    <property name="CopyAirBlocks" value="True" />
    <property name="AllowTopSoilDecorations" value="True" />
    <property name="Zoning" value="ResidentialOld" />
    <property name="RotationToFaceNorth" value="2" />
    <property name="YOffset" value="-1" />
    <property name="AllowedTownships" value="rural,wilderness" />
    <property name="TraderArea" value="False" />
    <property name="ExcludeDistantPOIMesh" value="False" />
    <property name="SleeperVolumeSize" value="17, 13, 17" />
    <property name="SleeperVolumeStart" value="2, 1, 7" />
    <property name="SleeperVolumeGroup" value="S_Default_Med" />
    <property name="SleeperVolumeGameStageAdjust" value="" />
    <property name="SleeperIsLootVolume" value="False" />
    <property name="DistantPOIYOffset" value="0" />
</prefab>
