<?xml version="1.0" encoding="UTF-8"?>
<prefab>
    <property name="CopyAirBlocks" value="True" />
    <property name="AllowTopSoilDecorations" value="True" />
    <property name="YOffset" value="-11" />
    <property name="Zoning" value="NoZone" />
    <property name="AllowedTownships" value="wilderness" />
    <property name="RotationToFaceNorth" value="2" />
    <property name="ExcludeDistantPOIMesh" value="True" />
    <property name="TraderArea" value="False" />
    <property name="SleeperVolumeSize" value="33, 12, 38" />
    <property name="SleeperVolumeStart" value="0, 0, 16" />
    <property name="SleeperVolumeGroup" value="S_Default_S" />
    <property name="SleeperVolumeGameStageAdjust" value="" />
    <property name="SleeperIsLootVolume" value="False" />
    <property name="DistantPOIYOffset" value="0" />
</prefab>
