<?xml version="1.0" encoding="UTF-8"?>
<prefab>
    <property name="CopyAirBlocks" value="True" />
    <property name="AllowTopSoilDecorations" value="False" />
    <property name="AllowedTownships" value="wilderness,rural,town" />
    <property name="YOffset" value="-1" />
    <property name="Zoning" value="ResidentialOld,Industrial" />
    <property name="RotationToFaceNorth" value="1" />
    <property name="TraderArea" value="False" />
    <property name="ExcludeDistantPOIMesh" value="False" />
</prefab>
