<?xml version="1.0" encoding="UTF-8"?>
<prefab>
    <property name="CopyAirBlocks" value="False" />
    <property name="AllowTopSoilDecorations" value="False" />
    <property name="Zoning" value="NavOnly" />
    <property name="TraderArea" value="False" />
    <property name="ExcludeDistantPOIMesh" value="False" />
    <property name="SleeperVolumeSize" value="39, 12, 56#28, 12, 56" />
    <property name="SleeperVolumeStart" value="-11, 10, 0#28, 10, 0" />
    <property name="SleeperVolumeGroup" value="S_Default_L,S_Default_S" />
    <property name="SleeperVolumeGameStageAdjust" value="," />
    <property name="SleeperIsLootVolume" value="False,False" />
    <property name="DistantPOIYOffset" value="0" />
</prefab>
