<?xml version="1.0" encoding="UTF-8"?>
<prefab>
    <property name="CopyAirBlocks" value="True" />
    <property name="AllowTopSoilDecorations" value="False" />
    <property name="Zoning" value="Commercial,downtown" />
    <property name="RotationToFaceNorth" value="0" />
    <property name="AllowedTownships" value="city,town,rural" />
    <property name="YOffset" value="-1" />
    <property name="TraderArea" value="False" />
    <property name="ExcludeDistantPOIMesh" value="False" />
	<property name="SleeperVolumeSize" value="27, 7, 23" />
    <property name="SleeperVolumeStart" value="-1, 2, 25" />
    <property name="SleeperVolumeGroup" value="S_Default_S" />
    <property name="SleeperVolumeGameStageAdjust" value="" />
    <property name="SleeperIsLootVolume" value="False" />
    <property name="DistantPOIYOffset" value="0" />
</prefab>
