<?xml version="1.0" encoding="UTF-8"?>
<prefab>
    <property name="CopyAirBlocks" value="True" />
    <property name="AllowTopSoilDecorations" value="True" />
    <property name="Zoning" value="ResidentialNew" />
	<property name="RotationToFaceNorth" value="2" />
	<property name="YOffset" value="-1" />
    <property name="AllowedTownships" value="city,town,rural,wilderness" />
    <property name="TraderArea" value="False" />
    <property name="ExcludeDistantPOIMesh" value="False" />
	<property name="SleeperVolumeSize" value="44, 5, 67#16, 3, 18" />
    <property name="SleeperVolumeStart" value="-3, 2, -17#21, 8, 12" />
    <property name="SleeperVolumeGroup" value="S_Default_S,S_LootRoom_S" />
    <property name="SleeperVolumeGameStageAdjust" value=",medium" />
    <property name="SleeperIsLootVolume" value="False,True" />
    <property name="DistantPOIYOffset" value="0" />
</prefab>
