<?xml version="1.0" encoding="UTF-8"?>
<prefab>
    <property name="CopyAirBlocks" value="True" />
    <property name="AllowTopSoilDecorations" value="False" />
    <property name="Zoning" value="Commercial" />
	<property name="RotationToFaceNorth" value="2" />
    <property name="AllowedTownships" value="city,town,rural" />
    <property name="Condition" value="New" />
    <property name="YOffset" value="0" />
    <property name="TraderArea" value="False" />
    <property name="ExcludeDistantPOIMesh" value="False" />
	<property name="SleeperVolumeSize" value="17, 3, 18#9, 3, 9" />
    <property name="SleeperVolumeStart" value="1, 1, 1#-1, 2, 29" />
    <property name="SleeperVolumeGroup" value="S_Default_Med,S_Default_Med" />
    <property name="SleeperVolumeGameStageAdjust" value="," />
    <property name="SleeperIsLootVolume" value="False,False" />
    <property name="DistantPOIYOffset" value="0" />
</prefab>
