<?xml version="1.0" encoding="UTF-8"?>
<prefab>
    <property name="CopyAirBlocks" value="True" />
    <property name="AllowTopSoilDecorations" value="False" />
    <property name="Zoning" value="Commercial,downtown" />
    <property name="AllowedTownships" value="city,town,rural" />
    <property name="YOffset" value="-1" />
	<property name="TraderArea" value="False" />
    <property name="ExcludeDistantPOIMesh" value="False" />
	<property name="SleeperVolumeSize" value="15, 7, 15" />
    <property name="SleeperVolumeStart" value="-3, 2, 36" />
    <property name="SleeperVolumeGroup" value="S_Default_Med" />
    <property name="SleeperVolumeGameStageAdjust" value="" />
    <property name="SleeperIsLootVolume" value="False" />
    <property name="DistantPOIYOffset" value="0" />
</prefab>
