<?xml version="1.0" encoding="UTF-8"?>
<prefab>
    <property name="CopyAirBlocks" value="True" />
    <property name="AllowTopSoilDecorations" value="False" />
    <property name="Zoning" value="Commercial" />
    <property name="AllowedTownships" value="city,town,rural" />
    <property name="Condition" value="New" />
    <property name="YOffset" value="-4" />
    <property name="TraderArea" value="False" />
	<property name="SleeperVolumeSize" value="30, 4, 9" />
    <property name="SleeperVolumeStart" value="1, 1, 1" />
    <property name="SleeperVolumeGroup" value="S_Default_L" />
    <property name="SleeperVolumeGameStageAdjust" value="" />
    <property name="SleeperIsLootVolume" value="False" />
    <property name="ExcludeDistantPOIMesh" value="False" />
    <property name="DistantPOIYOffset" value="0" />
</prefab>
