<?xml version="1.0" encoding="UTF-8"?>
<prefab>
    <property name="CopyAirBlocks" value="True" />
    <property name="AllowTopSoilDecorations" value="True" />
    <property name="TraderArea" value="False" />
    <property name="Zoning" value="ResidentialNew" />
    <property name="AllowedTownships" value="city,town,rural,wilderness" />
	<property name="TraderArea" value="False" />
    <property name="YOffset" value="-1" />
	<property name="ExcludeDistantPOIMesh" value="False" />
	<property name="SleeperVolumeSize" value="40, 24, 54" />
    <property name="SleeperVolumeStart" value="1, 1, 12" />
    <property name="SleeperVolumeGroup" value="S_Default_Med" />
    <property name="SleeperVolumeGameStageAdjust" value="" />
    <property name="SleeperIsLootVolume" value="False" />
    <property name="DistantPOIYOffset" value="0" />
</prefab>
