<?xml version="1.0" encoding="UTF-8"?>
<prefab>
    <property name="CopyAirBlocks" value="True" />
    <property name="AllowTopSoilDecorations" value="False" />
    <property name="Zoning" value="industrial" />
    <property name="YOffset" value="-1" />
    <property name="RotationToFaceNorth" value="1" />
    <property name="AllowedTownships" value="city,town,rural" />
    <property name="TraderArea" value="False" />
    <property name="ExcludeDistantPOIMesh" value="False" />
    <property name="DistantPOIYOffset" value="0" />
</prefab>
