<?xml version="1.0" encoding="UTF-8"?>
<prefab>
    <property name="CopyAirBlocks" value="True" />
    <property name="AllowTopSoilDecorations" value="True" />
    <property name="Zoning" value="ResidentialOld" />
    <property name="RotationToFaceNorth" value="2" />
    <property name="AllowedTownships" value="town,rural" />
    <property name="ExcludeDistantPOIMesh" value="False" />
    <property name="TraderArea" value="False" />
    <property name="SleeperVolumeSize" value="15, 4, 20#15, 13, 20#15, 9, 10" />
    <property name="SleeperVolumeStart" value="0, 0, 2#0, 4, 2#0, 8, 12" />
    <property name="SleeperVolumeGroup" value="S_Default_S,S_Default_S,S_LootRoom_XS" />
    <property name="SleeperVolumeGameStageAdjust" value=",,easy" />
    <property name="SleeperIsLootVolume" value="False,False,True" />
</prefab>
