<?xml version="1.0" encoding="UTF-8"?>
<prefab>
    <property name="CopyAirBlocks" value="True" />
    <property name="AllowTopSoilDecorations" value="False" />
    <property name="Zoning" value="ResidentialOld" />
    <property name="RotationToFaceNorth" value="2" />
    <property name="YOffset" value="-1" />
    <property name="AllowedTownships" value="ciy,town,rural" />
    <property name="TraderArea" value="False" />
    <property name="ExcludeDistantPOIMesh" value="False" />
    <property name="SleeperVolumeSize" value="30, 12, 26#18, 8, 16" />
    <property name="SleeperVolumeStart" value="0, 1, 9#0, 5, 19" />
    <property name="SleeperVolumeGroup" value="S_Default_Med,S_LootRoom_XS" />
    <property name="SleeperVolumeGameStageAdjust" value=",easy" />
    <property name="SleeperIsLootVolume" value="False,True" />
    <property name="DistantPOIYOffset" value="0" />
</prefab>
