<?xml version="1.0" encoding="UTF-8"?>
<prefab>
    <property name="CopyAirBlocks" value="True" />
    <property name="AllowTopSoilDecorations" value="True" />
    <property name="Zoning" value="ResidentialOld" />
    <property name="RotationToFaceNorth" value="2" />
    <property name="YOffset" value="-3" />
    <property name="AllowedTownships" value="city,town,rural" />
    <property name="ExcludeDistantPOIMesh" value="False" />
    <property name="TraderArea" value="False" />
    <property name="SleeperVolumeSize" value="16, 17, 16" />
    <property name="SleeperVolumeStart" value="0, 0, 3" />
    <property name="SleeperVolumeGroup" value="S_Default_Med" />
    <property name="SleeperVolumeGameStageAdjust" value="" />
    <property name="SleeperIsLootVolume" value="False" />
</prefab>
