<?xml version="1.0" encoding="UTF-8"?>
<prefab>
    <property name="CopyAirBlocks" value="True" />
    <property name="AllowTopSoilDecorations" value="True" />
    <property name="Zoning" value="ResidentialOld" />
    <property name="RotationToFaceNorth" value="3" />
    <property name="YOffset" value="-1" />
    <property name="AllowedTownships" value="city,town,rural,wilderness" />
    <property name="ExcludeDistantPOIMesh" value="False" />
    <property name="TraderArea" value="False" />
    <property name="SleeperVolumeSize" value="32, 9, 23" />
    <property name="SleeperVolumeStart" value="0, 0, 0" />
    <property name="SleeperVolumeGroup" value="S_Default_S" />
    <property name="SleeperVolumeGameStageAdjust" value="" />
    <property name="SleeperIsLootVolume" value="False" />
</prefab>
