<?xml version="1.0" encoding="UTF-8"?>
<prefab>
    <property name="CopyAirBlocks" value="True" />
    <property name="AllowTopSoilDecorations" value="False" />
    <property name="YOffset" value="-2" />
    <property name="RotationToFaceNorth" value="2" />
    <property name="Zoning" value="NoZone" />
    <property name="AllowedTownships" value="wilderness" />
    <property name="AllowedBiomes" value="desert" />
    <property name="Condition" value="Old" />
    <property name="ExcludeDistantPOIMesh" value="False" />
    <property name="TraderArea" value="False" />
    <property name="SleeperVolumeSize" value="81, 6, 80" />
    <property name="SleeperVolumeStart" value="-27, 0, -26" />
    <property name="SleeperVolumeGroup" value="S_GhostTown_S" />
    <property name="SleeperVolumeGameStageAdjust" value="" />
    <property name="SleeperIsLootVolume" value="False" />
</prefab>
