<?xml version="1.0" encoding="UTF-8"?>
<prefab>
    <property name="CopyAirBlocks" value="True" />
    <property name="AllowTopSoilDecorations" value="False" />
    <property name="Zoning" value="downtown,commercial" />
    <property name="AllowedTownships" value="city" />
    <property name="RotationToFaceNorth" value="3" />
    <property name="TraderArea" value="False" />
    <property name="ExcludeDistantPOIMesh" value="False" />
    <property name="SleeperVolumeSize" value="36, 15, 44" />
    <property name="SleeperVolumeStart" value="-9, 0, -10" />
    <property name="SleeperVolumeGroup" value="S_Default_S" />
    <property name="SleeperVolumeGameStageAdjust" value="" />
    <property name="SleeperIsLootVolume" value="False" />
</prefab>
