<?xml version="1.0" encoding="UTF-8"?>
<prefab>
    <property name="CopyAirBlocks" value="True" />
    <property name="AllowTopSoilDecorations" value="False" />
    <property name="Zoning" value="Industrial" />
    <property name="RotationToFaceNorth" value="2" />
    <property name="AllowedTownships" value="rural,wilderness" />
    <property name="Condition" value="Old" />
    <property name="ExcludeDistantPOIMesh" value="False" />
    <property name="TraderArea" value="False" />
</prefab>
