<?xml version="1.0" encoding="UTF-8"?>
<prefab>
    <property name="CopyAirBlocks" value="True" />
    <property name="AllowTopSoilDecorations" value="False" />
    <property name="Zoning" value="Commercial" />
    <property name="RotationToFaceNorth" value="2" />
    <property name="AllowedTownships" value="wilderness,rural" />
    <property name="Condition" value="Old" />
    <property name="ExcludeDistantPOIMesh" value="False" />
    <property name="TraderArea" value="False" />
    <property name="SleeperVolumeSize" value="15, 11, 18#11, 9, 12" />
    <property name="SleeperVolumeStart" value="0, 0, 0#1, 0, 5" />
    <property name="SleeperVolumeGroup" value="S_GhostTown_S,S_GhostTown_Med" />
    <property name="SleeperVolumeGameStageAdjust" value=",medium" />
    <property name="SleeperIsLootVolume" value="False,True" />
</prefab>
