<?xml version="1.0" encoding="UTF-8"?>
<prefab>
    <property name="CopyAirBlocks" value="True" />
    <property name="AllowTopSoilDecorations" value="False" />
    <property name="YOffset" value="-1" />
    <property name="Zoning" value="Commercial,downtown" />
    <property name="RotationToFaceNorth" value="3" />
    <property name="AllowedTownships" value="city,town" />
    <property name="Condition" value="New" />
    <property name="TraderArea" value="False" />
    <property name="ExcludeDistantPOIMesh" value="False" />
    <property name="SleeperVolumeSize" value="48, 9, 55" />
    <property name="SleeperVolumeStart" value="-4, 0, -8" />
    <property name="SleeperVolumeGroup" value="S_Default_S" />
    <property name="SleeperVolumeGameStageAdjust" value="" />
    <property name="SleeperIsLootVolume" value="False" />
</prefab>
