<?xml version="1.0" encoding="UTF-8"?>
<prefab>
    <property name="CopyAirBlocks" value="True" />
    <property name="AllowTopSoilDecorations" value="False" />
    <property name="Zoning" value="NavOnly" />
    <property name="TraderArea" value="False" />
    <property name="ExcludeDistantPOIMesh" value="False" />
    <property name="SleeperVolumeSize" value="12, 11, 18#9, 4, 12#15, 13, 20#16, 12, 16#9, 4, 12#9, 4, 12#9, 4, 12#15, 12, 20#12, 4, 9#9, 4, 12#15, 13, 20#16, 3, 30#17, 10, 17#15, 15, 21#15, 10, 11" />
    <property name="SleeperVolumeStart" value="11, 1, 17#27, 1, 35#32, 1, 11#50, 1, 17#23, 1, 56#69, 1, 28#25, 1, 77#81, 1, 17#8, 1, 38#70, 1, 72#81, 1, 69#52, 1, 66#35, 1, 69#6, 1, 69#81, 6, 78" />
    <property name="SleeperVolumeGroup" value="S_Default_XS,S_Default_XS,S_Default_S,S_Default_S,S_Default_XS,S_Default_XS,S_Default_XS,S_Default_S,S_Default_XS,S_Default_XS,S_Default_S,S_Default_XS,S_Default_S,S_Default_S,S_LootRoom_XS" />
    <property name="SleeperVolumeGameStageAdjust" value="0,0,0,0,0,0,0,0,0,0,0,0,0,0,easy" />
    <property name="SleeperIsLootVolume" value="False,False,False,False,False,False,False,False,False,False,False,False,False,False,True" />
    <property name="DistantPOIYOffset" value="-.1" />
</prefab>
