<?xml version="1.0" encoding="UTF-8"?>
<prefab>
    <property name="CopyAirBlocks" value="True" />
    <property name="AllowTopSoilDecorations" value="False" />
    <property name="DisallowedBiomes" value="wasteland_hub" />
    <property name="Zoning" value="Commercial" />
    <property name="AllowedTownships" value="wilderness" />
    <property name="RotationToFaceNorth" value="3" />
    <property name="TraderArea" value="False" />
    <property name="ExcludeDistantPOIMesh" value="False" />
    <property name="SleeperVolumeSize" value="17, 4, 17#17, 9, 17#6, 4, 6" />
    <property name="SleeperVolumeStart" value="1, 0, 1#1, 4, 1#9, 1, 2" />
    <property name="SleeperVolumeGroup" value="S_Default_S,S_Default_S,S_LootRoom_XS" />
    <property name="SleeperVolumeGameStageAdjust" value=",,medium" />
    <property name="SleeperIsLootVolume" value="False,False,True" />
    <property name="DistantPOIYOffset" value="0" />
</prefab>
