<?xml version="1.0" encoding="UTF-8"?>
<prefab>
    <property name="CopyAirBlocks" value="True" />
    <property name="AllowTopSoilDecorations" value="False" />
    <property name="YOffset" value="-1" />
    <property name="RotationToFaceNorth" value="2" />
    <property name="Zoning" value="downtown,residentialnew" />
    <property name="AllowedTownships" value="city,town,rural" />
    <property name="TraderArea" value="False" />
    <property name="ExcludeDistantPOIMesh" value="False" />
    <property name="SleeperVolumeSize" value="35, 14, 55#31, 7, 18#0, 0, 0" />
    <property name="SleeperVolumeStart" value="0, 0, 0#2, 0, 10#0, 0, 0" />
    <property name="SleeperVolumeGroup" value="S_Default_S,S_Default_L,S_Default_S" />
    <property name="SleeperVolumeGameStageAdjust" value=",," />
    <property name="SleeperIsLootVolume" value="False,True,False" />
    <property name="DistantPOIYOffset" value="0" />
</prefab>
