<?xml version="1.0" encoding="UTF-8"?>
<prefab>
    <property name="CopyAirBlocks" value="True" />
    <property name="AllowTopSoilDecorations" value="False" />
    <property name="YOffset" value="-1" />
    <property name="RotationToFaceNorth" value="2" />
    <property name="Zoning" value="downtown" />
    <property name="AllowedTownships" value="city,town" />
    <property name="TraderArea" value="False" />
    <property name="ExcludeDistantPOIMesh" value="False" />
    <property name="SleeperVolumeSize" value="7, 7, 8#57, 8, 58#51, 9, 51#51, 8, 51#21, 8, 51#51, 8, 51#51, 8, 51#27, 8, 15#15, 5, 9#26, 8, 14#14, 9, 14#13, 7, 9#15, 8, 15#15, 8, 15#15, 8, 15#15, 8, 15#25, 8, 15#25, 7, 14#32, 8, 15#13, 8, 37#38, 8, 21#37, 8, 30#51, 8, 51#25, 8, 15#26, 8, 30#51, 8, 51#51, 8, 51#51, 8, 51#51, 8, 51#51, 8, 51#14, 8, 14#45, 8, 16#14, 8, 14#25, 8, 37" />
    <property name="SleeperVolumeStart" value="57, 2, 22#10, 1, 17#13, 9, 21#13, 18, 21#28, 26, 21#13, 34, 21#13, 42, 21#25, 18, 21#31, 18, 12#25, 18, 58#13, 42, 58#32, 26, 34#13, 26, 21#49, 26, 21#49, 26, 57#13, 26, 57#26, 34, 21#26, 34, 58#13, 42, 21#13, 50, 21#26, 50, 21#27, 50, 42#13, 58, 21#26, 58, 21#13, 66, 42#13, 74, 21#13, 82, 21#13, 90, 21#13, 98, 21#13, 106, 21#50, 98, 21#19, 106, 37#50, 66, 21#39, 66, 35" />
    <property name="SleeperVolumeGroup" value="S_BusinessMan_S,S_BusinessMan_L,S_BusinessMan_L,S_BusinessMan_L,S_BusinessMan_L,S_ZomUtilityWorker_L,S_ZomUtilityWorker_L,S_BusinessMan_Med,S_ZomSoldier_S,S_LootRoom_S,S_ZomUtilityWorker_Med,S_LootRoom_S,S_BusinessMan_Med,S_BusinessMan_Med,S_BusinessMan_Med,S_BusinessMan_Med,S_ZomUtilityWorker_L,S_ZomUtilityWorker_L,S_ZomUtilityWorker_L,S_Default_Med,S_Default_L,S_Default_Med,S_ZomUtilityWorker_L,S_ZomUtilityWorker_Med,S_ZomUtilityWorker_L,S_ZomUtilityWorker_L,S_ZomUtilityWorker_L,S_ZomUtilityWorker_L,S_Default_L,S_Default_L,S_LootRoom_XS,S_Badass_Med,S_ZomUtilityWorker_S,S_ZomUtilityWorker_L" />
    <property name="SleeperVolumeGameStageAdjust" value=",,,,,,,hard,hard,,,hard,,,,,hard,hard,hard,,,,,,,,,,,hard,,hard,," />
    <property name="SleeperIsLootVolume" value="True,False,False,False,False,False,False,True,True,True,True,True,False,False,False,False,True,True,True,False,False,False,False,True,False,False,False,False,False,False,True,True,False,False" />
    <property name="DistantPOIYOffset" value="0" />
</prefab>
