<?xml version="1.0" encoding="UTF-8"?>
<prefab>
    <property name="CopyAirBlocks" value="True" />
    <property name="AllowTopSoilDecorations" value="False" />
    <property name="YOffset" value="-1" />
    <property name="RotationToFaceNorth" value="2" />
    <property name="Zoning" value="downtown" />
    <property name="AllowedTownships" value="city,town" />
    <property name="TraderArea" value="False" />
    <property name="DistantPOIYOffset" value="0" />
    <property name="SleeperVolumeSize" value="43, 9, 43#43, 8, 43#43, 8, 43#43, 8, 43#43, 8, 11#43, 8, 43#10, 8, 10#15, 9, 15#33, 8, 16#43, 8, 17#43, 8, 15" />
    <property name="SleeperVolumeStart" value="2, 1, 31#2, 10, 31#2, 18, 31#2, 26, 31#2, 34, 31#2, 42, 31#35, 26, 52#2, 1, 59#2, 26, 58#2, 34, 42#2, 34, 59" />
    <property name="SleeperVolumeGroup" value="S_Default_Med,S_Default_Med,S_BusinessMan_L,S_ZomUtilityWorker_L,S_GhostTown_S,S_BusinessMan_Med,S_GhostTown_S,S_Default_S,S_GhostTown_S,S_BikerBar_Med,S_ZomUtilityWorker_S" />
    <property name="SleeperVolumeGameStageAdjust" value=",,,,,,,,,," />
    <property name="SleeperIsLootVolume" value="False,False,False,False,False,False,True,True,True,False,False" />
    <property name="ExcludeDistantPOIMesh" value="False" />
</prefab>
