<?xml version="1.0" encoding="UTF-8"?>
<prefab>
    <property name="CopyAirBlocks" value="True" />
    <property name="AllowTopSoilDecorations" value="False" />
    <property name="Zoning" value="Commercial" />
    <property name="RotationToFaceNorth" value="2" />
    <property name="AllowedTownships" value="city,town,rural" />
    <property name="Condition" value="New" />
    <property name="YOffset" value="-1" />
    <property name="TraderArea" value="False" />
    <property name="ExcludeDistantPOIMesh" value="False" />
    <property name="SleeperVolumeSize" value="13, 4, 9#7, 3, 9#21, 6, 22#29, 11, 43" />
    <property name="SleeperVolumeStart" value="9, 1, 33#2, 1, 33#2, 1, 11#1, 1, 1" />
    <property name="SleeperVolumeGroup" value="S_LootRoom_S,S_Default_S,S_Default_L,S_Default_S" />
    <property name="SleeperVolumeGameStageAdjust" value=",,," />
    <property name="SleeperIsLootVolume" value="True,True,True,False" />
    <property name="DistantPOIYOffset" value="0" />
</prefab>
