<?xml version="1.0" encoding="UTF-8"?>
<prefab>
    <property name="CopyAirBlocks" value="True" />
    <property name="AllowTopSoilDecorations" value="False" />
    <property name="Zoning" value="Commercial" />
    <property name="RotationToFaceNorth" value="2" />
    <property name="AllowedTownships" value="city,town,rural" />
    <property name="Condition" value="New" />
    <property name="YOffset" value="-1" />
    <property name="TraderArea" value="False" />
    <property name="ExcludeDistantPOIMesh" value="False" />
    <property name="SleeperVolumeSize" value="36, 21, 45#34, 4, 19#13, 3, 8#11, 3, 8#9, 4, 5#36, 5, 27" />
    <property name="SleeperVolumeStart" value="1, 1, 1#2, 3, 16#12, 3, 35#25, 3, 35#2, 3, 35#1, 8, 17" />
    <property name="SleeperVolumeGroup" value="S_Default_Med,S_Default_L,S_LootRoom_S,S_LootRoom_S,S_LootRoom_S,S_Default_L" />
    <property name="SleeperVolumeGameStageAdjust" value=",,,,," />
    <property name="SleeperIsLootVolume" value="False,True,True,True,True,True" />
    <property name="DistantPOIYOffset" value="0" />
</prefab>
