<?xml version="1.0" encoding="UTF-8"?>
<prefab>
    <property name="CopyAirBlocks" value="True" />
    <property name="AllowTopSoilDecorations" value="False" />
    <property name="Zoning" value="ResidentialOld" />
    <property name="RotationToFaceNorth" value="2" />
    <property name="AllowedTownships" value="city,town,rural,wilderness" />
    <property name="YOffset" value="-1" />
    <property name="TraderArea" value="False" />
    <property name="ExcludeDistantPOIMesh" value="False" />
    <property name="SleeperVolumeSize" value="44, 8, 44#15, 6, 7#15, 5, 7#15, 6, 7#15, 6, 7#15, 7, 7#15, 6, 7" />
    <property name="SleeperVolumeStart" value="0, 0, 0#3, 1, 6#3, 1, 20#26, 1, 3#26, 1, 17#3, 0, 34#26, 1, 31" />
    <property name="SleeperVolumeGroup" value="S_Default_Med,S_Default_S,S_Default_S,S_Default_S,S_Default_S,S_Default_S,S_Default_S" />
    <property name="SleeperVolumeGameStageAdjust" value=",,,,,," />
    <property name="SleeperIsLootVolume" value="False,True,True,True,True,True,True" />
</prefab>
