<?xml version="1.0" encoding="UTF-8"?>
<prefab>
    <property name="CopyAirBlocks" value="True" />
    <property name="AllowTopSoilDecorations" value="True" />
    <property name="Zoning" value="Industrial" />
    <property name="RotationToFaceNorth" value="2" />
    <property name="AllowedTownships" value="wilderness,rural,town,city" />
    <property name="YOffset" value="-1" />
    <property name="TraderArea" value="False" />
    <property name="ExcludeDistantPOIMesh" value="False" />
    <property name="SleeperVolumeSize" value="37, 7, 29" />
    <property name="SleeperVolumeStart" value="0, 0, -1" />
    <property name="SleeperVolumeGroup" value="S_ZomUtilityWorker_S" />
    <property name="SleeperVolumeGameStageAdjust" value="" />
    <property name="SleeperIsLootVolume" value="False" />
    <property name="DistantPOIYOffset" value="0" />
</prefab>
