<?xml version="1.0" encoding="UTF-8"?>
<prefab>
    <property name="CopyAirBlocks" value="False"/>
    <property name="AllowTopSoilDecorations" value="True"/>
    <property name="TraderArea" value="False"/>
    <property name="ExcludeDistantPOIMesh" value="False"/>
    <property name="Zoning" value="ResidentialOld"/>
    <property name="RotationToFaceNorth" value="2"/>
    <property name="YOffset" value="-5"/>
    <property name="DistantPOIYOffset" value="0"/>
    <property name="AllowedBiomes" value="snow,plains,pine_forest,forest,desert"/>
    <property name="AllowedTownships" value="rural,wilderness,town,city"/>
    <property name="SleeperVolumeStart" value="2,5,11#19,10,14"/>
    <property name="SleeperVolumeSize" value="51,3,31#33,3,23"/>
    <property name="SleeperVolumeGroup" value="S_Default_Med,S_Default_Med"/>
    <property name="SleeperVolumeGameStageAdjust" value=","/>
    <property name="SleeperIsLootVolume" value="False,False"/>
</prefab>
