<?xml version="1.0" encoding="UTF-8"?>
<prefab>
    <property name="CopyAirBlocks" value="True"/>
    <property name="AllowTopSoilDecorations" value="False"/>
    <property name="TraderArea" value="False"/>
    <property name="ExcludeDistantPOIMesh" value="False"/>
    <property name="Zoning" value="Commercial,Downtown,ResidentialNew,ResidentialOld"/>
    <property name="RotationToFaceNorth" value="2"/>
    <property name="YOffset" value="-2"/>
    <property name="DistantPOIYOffset" value="0"/>
    <property name="AllowedBiomes" value="burnt_forest,snow,plains,pine_forest,forest"/>
    <property name="AllowedTownships" value="city,rural,town"/>
    <property name="SleeperVolumeStart" value="2,2,7#0,2,17"/>
    <property name="SleeperVolumeSize" value="18,3,10#22,3,12"/>
    <property name="SleeperVolumeGroup" value="S_Default_Med,S_Default_Med"/>
    <property name="SleeperVolumeGameStageAdjust" value=","/>
    <property name="SleeperIsLootVolume" value="False,False"/>
</prefab>
