<?xml version="1.0" encoding="UTF-8"?>
<prefab>
    <property name="CopyAirBlocks" value="True"/>
    <property name="AllowTopSoilDecorations" value="False"/>
    <property name="TraderArea" value="False"/>
    <property name="ExcludeDistantPOIMesh" value="False"/>
    <property name="Zoning" value="Commercial,Downtown"/>
    <property name="YOffset" value="-4"/>
    <property name="DistantPOIYOffset" value="0"/>
    <property name="AllowedTownships" value="city,town"/>
    <property name="SleeperVolumeStart" value="7,1,3#11,4,4"/>
    <property name="SleeperVolumeSize" value="20,3,16#20,4,30"/>
    <property name="SleeperVolumeGroup" value="S_LootRoom_XS,S_BikerBar_Med"/>
    <property name="SleeperVolumeGameStageAdjust" value=","/>
    <property name="SleeperIsLootVolume" value="False,False"/>
</prefab>
