<?xml version="1.0" encoding="UTF-8"?>
<prefab>
    <property name="CopyAirBlocks" value="False"/>
    <property name="AllowTopSoilDecorations" value="True"/>
    <property name="TraderArea" value="False"/>
    <property name="ExcludeDistantPOIMesh" value="False"/>
    <property name="Zoning" value="Commercial,Industrial"/>
    <property name="RotationToFaceNorth" value="0"/>
    <property name="YOffset" value="-1"/>
    <property name="DistantPOIYOffset" value="-1"/>
    <property name="AllowedBiomes" value="burnt_forest,snow,plains,pine_forest,forest,desert,wasteland"/>
    <property name="AllowedTownships" value="city,rural,town,wilderness"/>
    <property name="SleeperVolumeStart" value="-8, 1, 50#48, 1, -6#11, 1, 29#0, 1, 29#0, 1, 0#25, 1, -2#29, 5, 28#-4, 5, 29#33, 9, 28#-4, 5, -4"/>
    <property name="SleeperVolumeSize" value="75, 3, 23#19, 3, 79#38, 3, 25#23, 3, 24#36, 3, 36#25, 3, 32#21, 4, 23#39, 6, 31#19, 3, 26#67, 6, 32"/>
    <property name="SleeperVolumeGroup" value="S_LootRoom_S,S_Default_S,S_Default_XL,S_LootRoom_L,S_LootRoom_Med,S_Badass_Med,S_LootRoom_XL,S_Default_Med,S_Default_S,S_Default_Med"/>
    <property name="SleeperVolumeGameStageAdjust" value=",,,,,,,,,"/>
    <property name="SleeperIsLootVolume" value="False,False,False,False,False,False,False,False,False,False"/>
</prefab>
