<?xml version="1.0" encoding="UTF-8"?>
<prefab>
    <property name="CopyAirBlocks" value="False"/>
    <property name="AllowTopSoilDecorations" value="True"/>
    <property name="TraderArea" value="False"/>
    <property name="ExcludeDistantPOIMesh" value="False"/>
    <property name="RotationToFaceNorth" value="2"/>
    <property name="YOffset" value="-5"/>
    <property name="DistantPOIYOffset" value="0"/>
    <property name="AllowedBiomes" value="snow,pine_forest,wasteland"/>
    <property name="SleeperVolumeStart" value="53,8,37#1,8,11#2,8,53#9,8,33#27,8,26#82,8,43"/>
    <property name="SleeperVolumeSize" value="18,3,10#15,3,14#15,3,5#7,3,3#15,3,14#7,3,5"/>
    <property name="SleeperVolumeGroup" value="S_FeralZombies_S,S_Default_Med,S_Default_S,S_LootRoom_XS,S_LootRoom_Med,S_Badass_S"/>
    <property name="SleeperVolumeGameStageAdjust" value=",,,,,"/>
    <property name="SleeperIsLootVolume" value="False,False,False,False,False,False"/>
</prefab>
