<?xml version="1.0" encoding="UTF-8"?>
<prefab>
    <property name="CopyAirBlocks" value="False"/>
    <property name="AllowTopSoilDecorations" value="True"/>
    <property name="TraderArea" value="False"/>
    <property name="ExcludeDistantPOIMesh" value="False"/>
    <property name="Zoning" value="ResidentialNew"/>
    <property name="DistantPOIYOffset" value="0"/>
    <property name="AllowedBiomes" value="burnt_forest,snow,plains,pine_forest,forest,desert,wasteland"/>
    <property name="AllowedTownships" value="rural,town,wilderness"/>
    <property name="SleeperVolumeStart" value="3,1,2#3,5,7"/>
    <property name="SleeperVolumeSize" value="9,3,12#10,3,7"/>
    <property name="SleeperVolumeGroup" value="S_Default_Med,S_Default_Med"/>
    <property name="SleeperVolumeGameStageAdjust" value=","/>
    <property name="SleeperIsLootVolume" value="False,False"/>
</prefab>
