<?xml version="1.0" encoding="UTF-8"?>
<prefab>
    <property name="CopyAirBlocks" value="True"/>
    <property name="AllowTopSoilDecorations" value="True"/>
    <property name="TraderArea" value="False"/>
    <property name="ExcludeDistantPOIMesh" value="False"/>
    <property name="Zoning" value="ResidentialOld"/>
    <property name="YOffset" value="-15"/>
    <property name="DistantPOIYOffset" value="0"/>
    <property name="AllowedTownships" value="rural,town,wilderness"/>
    <property name="SleeperVolumeStart" value="1,1,1"/>
    <property name="SleeperVolumeSize" value="3,3,3"/>
    <property name="SleeperVolumeGroup" value="S_LootRoom_XS"/>
    <property name="SleeperVolumeGameStageAdjust" value=""/>
    <property name="SleeperIsLootVolume" value="False"/>
</prefab>
