<?xml version="1.0" encoding="UTF-8"?>
<prefab>
    <property name="CopyAirBlocks" value="True"/>
    <property name="AllowTopSoilDecorations" value="True"/>
    <property name="TraderArea" value="False"/>
    <property name="ExcludeDistantPOIMesh" value="False"/>
    <property name="Zoning" value="Commercial,ResidentialNew"/>
    <property name="RotationToFaceNorth" value="1"/>
    <property name="YOffset" value="-1"/>
    <property name="DistantPOIYOffset" value="0"/>
    <property name="AllowedBiomes" value="snow,plains,pine_forest,forest,desert"/>
    <property name="AllowedTownships" value="city,rural,town,wilderness"/>
    <property name="SleeperVolumeStart" value="20,1,33#20,7,32#20,1,9#20,7,9#20,7,23#21,1,24"/>
    <property name="SleeperVolumeSize" value="24,5,14#20,5,15#23,3,15#20,3,14#20,3,9#23,3,8"/>
    <property name="SleeperVolumeGroup" value="S_BikerBar_Med,S_LootRoom_L,S_Default_Med,S_Default_Med,S_BusinessMan_S,S_LootRoom_XS"/>
    <property name="SleeperVolumeGameStageAdjust" value="250,250,,,,"/>
    <property name="SleeperIsLootVolume" value="False,False,False,False,False,False"/>
</prefab>
