<?xml version="1.0" encoding="UTF-8"?>
<prefab>
    <property name="CopyAirBlocks" value="False" />
    <property name="AllowTopSoilDecorations" value="True" />
    <property name="Zoning" value="ResidentialNew" />
    <property name="AllowedTownships" value="city,wilderness" />
    <property name="AllowedBiomes" value="snow,plains,pine_forest,forest,desert,wasteland,burnt_forest" />
    <property name="TraderArea" value="False" />
    <property name="ExcludeDistantPOIMesh" value="False" />
    <property name="DistantPOIYOffset" value="0" />
</prefab>
