<?xml version="1.0" encoding="UTF-8"?>
<prefab>
    <property name="CopyAirBlocks" value="True"/>
    <property name="AllowTopSoilDecorations" value="True"/>
    <property name="TraderArea" value="False"/>
    <property name="ExcludeDistantPOIMesh" value="False"/>
    <property name="Zoning" value="Industrial"/>
    <property name="YOffset" value="-9"/>
    <property name="DistantPOIYOffset" value="0"/>
    <property name="AllowedBiomes" value="burnt_forest,snow,plains,pine_forest,forest,desert,wasteland"/>
    <property name="AllowedTownships" value="city,rural,town,wilderness"/>
    <property name="SleeperVolumeStart" value="3,1,12"/>
    <property name="SleeperVolumeSize" value="15,15,5"/>
    <property name="SleeperVolumeGroup" value="S_ZomUtilityWorker_S"/>
    <property name="SleeperVolumeGameStageAdjust" value=""/>
    <property name="SleeperIsLootVolume" value="False"/>
</prefab>
