<?xml version="1.0" encoding="UTF-8"?>
<prefab>
    <property name="CopyAirBlocks" value="False"/>
    <property name="AllowTopSoilDecorations" value="True"/>
    <property name="TraderArea" value="False"/>
    <property name="ExcludeDistantPOIMesh" value="False"/>
    <property name="Zoning" value="Commercial,Downtown"/>
    <property name="RotationToFaceNorth" value="3"/>
    <property name="YOffset" value="-1"/>
    <property name="DistantPOIYOffset" value="0"/>
    <property name="AllowedTownships" value="city,town"/>
    <property name="SleeperVolumeStart" value="6,1,16#21,1,16#26,1,16#7,8,16#21,8,16#7,19,16"/>
    <property name="SleeperVolumeSize" value="15,3,14#5,3,14#12,3,14#14,3,14#17,3,14#31,3,14"/>
    <property name="SleeperVolumeGroup" value="S_BusinessMan_Med,S_BusinessMan_Med,S_Default_Med,S_FootballStadium_Med,S_ZomUtilityWorker_Med,S_Default_Med"/>
    <property name="SleeperVolumeGameStageAdjust" value=",,,,,"/>
    <property name="SleeperIsLootVolume" value="False,False,False,False,False,False"/>
</prefab>
