<?xml version="1.0" encoding="UTF-8"?>
<prefab>
    <property name="CopyAirBlocks" value="True" />
    <property name="AllowTopSoilDecorations" value="True" />
    <property name="YOffset" value="-2" />
    <property name="RotationToFaceNorth" value="3" />
    <property name="Zoning" value="ResidentialOld" />
    <property name="AllowedTownships" value="city" />
    <property name="TraderArea" value="False" />
    <property name="ExcludeDistantPOIMesh" value="False" />
    <property name="DistantPOIYOffset" value="0" />
</prefab>
