<?xml version="1.0" encoding="UTF-8"?>
<prefab>
    <property name="CopyAirBlocks" value="False"/>
    <property name="AllowTopSoilDecorations" value="False"/>
    <property name="TraderArea" value="False"/>
    <property name="ExcludeDistantPOIMesh" value="False"/>
    <property name="YOffset" value="-10"/>
    <property name="DistantPOIYOffset" value="0"/>
    <property name="AllowedBiomes" value="plains,desert"/>
    <property name="AllowedTownships" value="rural,wilderness"/>
    <property name="SleeperVolumeStart" value="22,11,12#44,18,13#21,23,20#44,32,13"/>
    <property name="SleeperVolumeSize" value="85,7,40#50,3,37#22,5,22#46,3,37"/>
    <property name="SleeperVolumeGroup" value="S_Default_Med,S_Default_Med,S_BusinessMan_Med,S_Default_Med"/>
    <property name="SleeperVolumeGameStageAdjust" value=",,,"/>
    <property name="SleeperIsLootVolume" value="False,False,False,False"/>
</prefab>
