<?xml version="1.0" encoding="UTF-8"?>
<prefab>
    <property name="CopyAirBlocks" value="True"/>
    <property name="AllowTopSoilDecorations" value="True"/>
    <property name="TraderArea" value="False"/>
    <property name="ExcludeDistantPOIMesh" value="False"/>
    <property name="Zoning" value="Industrial"/>
    <property name="RotationToFaceNorth" value="1"/>
    <property name="YOffset" value="-34"/>
    <property name="DistantPOIYOffset" value="0"/>
    <property name="AllowedBiomes" value="burnt_forest,snow,forest,wasteland"/>
    <property name="AllowedTownships" value="rural,wilderness"/>
    <property name="SleeperVolumeStart" value="10,34,34#10,34,2#15,2,33#16,2,5"/>
    <property name="SleeperVolumeSize" value="38,3,27#38,3,32#37,3,24#20,3,28"/>
    <property name="SleeperVolumeGroup" value="S_ZomUtilityWorker_L,S_ZomSoldier_L,S_ZomSoldier_Med,S_Badass_Med"/>
    <property name="SleeperVolumeGameStageAdjust" value=",,,"/>
    <property name="SleeperIsLootVolume" value="False,False,False,False"/>
</prefab>
