<?xml version="1.0" encoding="UTF-8"?>
<prefab>
    <property name="CopyAirBlocks" value="True"/>
    <property name="AllowTopSoilDecorations" value="True"/>
    <property name="TraderArea" value="False"/>
    <property name="ExcludeDistantPOIMesh" value="False"/>
    <property name="Zoning" value="Downtown"/>
    <property name="YOffset" value="-10"/>
    <property name="DistantPOIYOffset" value="0"/>
    <property name="AllowedBiomes" value="burnt_forest,pine_forest,forest,wasteland"/>
    <property name="AllowedTownships" value="city,rural,wilderness"/>
    <property name="SleeperVolumeStart" value="10,5,13#10,11,13#12,15,16"/>
    <property name="SleeperVolumeSize" value="19,5,25#20,3,24#16,5,20"/>
    <property name="SleeperVolumeGroup" value="S_Badass_Med,S_Default_Med,S_BusinessMan_Med"/>
    <property name="SleeperVolumeGameStageAdjust" value=",,"/>
    <property name="SleeperIsLootVolume" value="False,False,False"/>
</prefab>
