<?xml version="1.0" encoding="UTF-8"?>
<prefab>
    <property name="CopyAirBlocks" value="True"/>
    <property name="AllowTopSoilDecorations" value="True"/>
    <property name="TraderArea" value="False"/>
    <property name="ExcludeDistantPOIMesh" value="False"/>
    <property name="Zoning" value="Industrial"/>
    <property name="YOffset" value="-22"/>
    <property name="DistantPOIYOffset" value="0"/>
    <property name="AllowedTownships" value="city,town"/>
    <property name="SleeperVolumeStart" value="1,10,23#7,4,5#9,22,30"/>
    <property name="SleeperVolumeSize" value="38,11,20#23,3,32#22,7,7"/>
    <property name="SleeperVolumeGroup" value="S_ZomUtilityWorker_Med,S_ZomUtilityWorker_Med,S_BusinessMan_Med"/>
    <property name="SleeperVolumeGameStageAdjust" value=",,"/>
    <property name="SleeperIsLootVolume" value="False,False,False"/>
</prefab>
