<?xml version="1.0" encoding="UTF-8"?>
<prefab>
    <property name="CopyAirBlocks" value="False"/>
    <property name="AllowTopSoilDecorations" value="False"/>
    <property name="TraderArea" value="False"/>
    <property name="ExcludeDistantPOIMesh" value="False"/>
    <property name="Zoning" value="ResidentialNew"/>
    <property name="RotationToFaceNorth" value="2"/>
    <property name="YOffset" value="-5"/>
    <property name="DistantPOIYOffset" value="0"/>
    <property name="AllowedTownships" value="city,rural,town"/>
    <property name="SleeperVolumeStart" value="23,5,23#0,5,23#0,5,0"/>
    <property name="SleeperVolumeSize" value="21,9,21#21,3,21#20,3,20"/>
    <property name="SleeperVolumeGroup" value="S_Default_Med,S_Default_Med,S_Badass_Med"/>
    <property name="SleeperVolumeGameStageAdjust" value=",,"/>
    <property name="SleeperIsLootVolume" value="False,False,False"/>
</prefab>
