<?xml version="1.0" encoding="UTF-8"?>
<prefab>
    <property name="CopyAirBlocks" value="False"/>
    <property name="AllowTopSoilDecorations" value="True"/>
    <property name="TraderArea" value="False"/>
    <property name="ExcludeDistantPOIMesh" value="False"/>
    <property name="Zoning" value="Industrial"/>
    <property name="YOffset" value="-1"/>
    <property name="DistantPOIYOffset" value="0"/>
    <property name="AllowedBiomes" value="burnt_forest,snow,pine_forest,forest,desert,wasteland"/>
    <property name="AllowedTownships" value="rural,wilderness"/>
    <property name="SleeperVolumeStart" value="3,1,3"/>
    <property name="SleeperVolumeSize" value="70,8,40"/>
    <property name="SleeperVolumeGroup" value="S_ZomUtilityWorker_Med"/>
    <property name="SleeperVolumeGameStageAdjust" value=""/>
    <property name="SleeperIsLootVolume" value="False"/>
</prefab>
