<?xml version="1.0" encoding="UTF-8"?>
<prefab>
    <property name="CopyAirBlocks" value="True"/>
    <property name="AllowTopSoilDecorations" value="True"/>
    <property name="TraderArea" value="False"/>
    <property name="ExcludeDistantPOIMesh" value="False"/>
    <property name="RotationToFaceNorth" value="3"/>
    <property name="YOffset" value="-6"/>
    <property name="MaxPerHub" value="1"/>
    <property name="AllowedBiomes" value="burnt_forest,snow,pine_forest,forest,wasteland"/>
    <property name="AllowedTownships" value="rural,wilderness"/>
    <property name="SleeperVolumeStart" value="2,3,34#5,7,26#27,7,15#3,7,15#18,3,2#2,3,2#13,6,15"/>
    <property name="SleeperVolumeSize" value="17,6,14#31,3,8#9,3,11#10,3,11#22,6,13#16,6,13#13,3,10"/>
    <property name="SleeperVolumeGroup" value="S_ZombieDogs_L,S_GhostTown_Med,S_Default_Med,S_BikerBar_Med,S_Badass_L,S_ZomUtilityWorker_L,S_Default_Med"/>
    <property name="SleeperVolumeGameStageAdjust" value=",,,,,,"/>
    <property name="SleeperIsLootVolume" value="False,False,False,False,False,False,False"/>
</prefab>
