<?xml version="1.0" encoding="UTF-8"?>
<prefab>
    <property name="CopyAirBlocks" value="True"/>
    <property name="AllowTopSoilDecorations" value="True"/>
    <property name="TraderArea" value="False"/>
    <property name="ExcludeDistantPOIMesh" value="False"/>
    <property name="Zoning" value="Commercial,Downtown,Industrial,ResidentialNew,ResidentialOld"/>
    <property name="RotationToFaceNorth" value="1"/>
    <property name="YOffset" value="-2"/>
    <property name="DistantPOIYOffset" value="0"/>
    <property name="AllowedBiomes" value="burnt_forest,snow,plains,pine_forest,forest,desert,wasteland"/>
    <property name="AllowedTownships" value="city,rural,town"/>
    <property name="SleeperVolumeStart" value="14,1,15#14,1,2#11,1,8#12,2,21#10,5,6#13,5,2#4,3,4"/>
    <property name="SleeperVolumeSize" value="7,3,6#7,3,6#10,3,7#6,3,6#11,3,15#8,3,4#7,3,15"/>
    <property name="SleeperVolumeGroup" value="S_Default_Med,S_Default_Med,S_FeralZombies_S,S_Default_Med,S_Default_Med,S_BikerBar_Med,S_BikerBar_Med"/>
    <property name="SleeperVolumeGameStageAdjust" value=",,,,,,"/>
    <property name="SleeperIsLootVolume" value="False,False,False,False,False,False,False"/>
</prefab>
