<?xml version="1.0" encoding="UTF-8"?>
<prefab>
    <property name="CopyAirBlocks" value="True"/>
    <property name="AllowTopSoilDecorations" value="False"/>
    <property name="TraderArea" value="False"/>
    <property name="ExcludeDistantPOIMesh" value="False"/>
    <property name="Zoning" value="ResidentialOld"/>
    <property name="YOffset" value="-5"/>
    <property name="DistantPOIYOffset" value="0"/>
    <property name="AllowedBiomes" value="snow,plains,desert"/>
    <property name="AllowedTownships" value="rural,wilderness"/>
    <property name="SleeperVolumeStart" value="4,4,32#4,4,8#27,5,0#78,4,8#35,6,2#40,12,2#40,18,2#40,22,2"/>
    <property name="SleeperVolumeSize" value="21,5,21#21,5,21#49,3,53#17,7,44#28,7,28#23,8,19#11,3,18#11,3,18"/>
    <property name="SleeperVolumeGroup" value="S_Default_Med,S_LootRoom_XS,S_Default_XL,S_Default_L,S_Default_Med,S_Badass_L,S_Default_Med,S_Badass_L"/>
    <property name="SleeperVolumeGameStageAdjust" value=",,,,,,,"/>
    <property name="SleeperIsLootVolume" value="False,False,False,False,False,False,False,False"/>
</prefab>
