<?xml version="1.0" encoding="UTF-8"?>
<prefab>
    <property name="CopyAirBlocks" value="False"/>
    <property name="AllowTopSoilDecorations" value="True"/>
    <property name="TraderArea" value="False"/>
    <property name="ExcludeDistantPOIMesh" value="False"/>
    <property name="RotationToFaceNorth" value="0"/>
    <property name="YOffset" value="-2"/>
    <property name="DistantPOIYOffset" value="0"/>
    <property name="TraderAreaProtect" value="20, 0, 20"/>
    <property name="TraderAreaTeleportSize" value="44, 30, 48"/>
    <property name="TraderAreaTeleportCenter" value="1, 0, 0"/>
    <property name="SleeperVolumeStart" value="2,3,9#2,3,2#2,7,9#2,7,2#3,11,2"/>
    <property name="SleeperVolumeSize" value="9,3,6#14,3,7#9,3,6#14,3,7#14,3,13"/>
    <property name="SleeperVolumeGroup" value="S_Default_Med,S_Default_Med,S_ZomSoldier_Med,S_LootRoom_L,S_LootRoom_L"/>
    <property name="SleeperVolumeGameStageAdjust" value=",,,,"/>
    <property name="SleeperIsLootVolume" value="False,False,False,False,False"/>
</prefab>
