<?xml version="1.0" encoding="UTF-8"?>
<prefab>
    <property name="CopyAirBlocks" value="False"/>
    <property name="AllowTopSoilDecorations" value="True"/>
    <property name="TraderArea" value="False"/>
    <property name="ExcludeDistantPOIMesh" value="False"/>
    <property name="Zoning" value="ResidentialNew"/>
    <property name="RotationToFaceNorth" value="2"/>
    <property name="YOffset" value="-5"/>
    <property name="DistantPOIYOffset" value="0"/>
    <property name="AllowedBiomes" value="burnt_forest,snow,plains,pine_forest,forest,desert,wasteland"/>
    <property name="AllowedTownships" value="city,town"/>
    <property name="SleeperVolumeStart" value="3,6,10#3,10,10#3,14,10"/>
    <property name="SleeperVolumeSize" value="27,3,20#27,3,20#28,3,20"/>
    <property name="SleeperVolumeGroup" value="S_LootRoom_L,S_Default_Med,S_ZomSoldier_Med"/>
    <property name="SleeperVolumeGameStageAdjust" value=",,"/>
    <property name="SleeperIsLootVolume" value="False,False,False"/>
</prefab>
