<?xml version="1.0" encoding="UTF-8"?>
<prefab>
    <property name="CopyAirBlocks" value="False"/>
    <property name="AllowTopSoilDecorations" value="True"/>
    <property name="TraderArea" value="False"/>
    <property name="ExcludeDistantPOIMesh" value="False"/>
    <property name="Zoning" value="ResidentialNew"/>
    <property name="RotationToFaceNorth" value="3"/>
    <property name="DistantPOIYOffset" value="0"/>
    <property name="AllowedBiomes" value="burnt_forest,snow,plains,pine_forest,forest,desert,wasteland"/>
    <property name="AllowedTownships" value="rural,town,wilderness"/>
    <property name="SleeperVolumeStart" value="6,1,12#8,1,23#10,5,13#9,10,13"/>
    <property name="SleeperVolumeSize" value="27,3,11#24,3,14#21,3,29#20,3,29"/>
    <property name="SleeperVolumeGroup" value="S_LootRoom_XS,S_LootRoom_XS,S_LootRoom_XS,S_LootRoom_XS"/>
    <property name="SleeperVolumeGameStageAdjust" value=",,,"/>
    <property name="SleeperIsLootVolume" value="False,False,False,False"/>
</prefab>
