<?xml version="1.0" encoding="UTF-8"?>
<prefab>
    <property name="CopyAirBlocks" value="False"/>
    <property name="AllowTopSoilDecorations" value="False"/>
    <property name="TraderArea" value="False"/>
    <property name="ExcludeDistantPOIMesh" value="False"/>
    <property name="Zoning" value="Commercial"/>
    <property name="YOffset" value="-1"/>
    <property name="DistantPOIYOffset" value="0"/>
    <property name="AllowedTownships" value="city,town"/>
    <property name="SleeperVolumeStart" value="21,1,4#21,8,4#21,15,4#21,22,4"/>
    <property name="SleeperVolumeSize" value="17,3,27#17,3,27#17,3,27#17,3,27"/>
    <property name="SleeperVolumeGroup" value="S_LootRoom_S,S_Default_Med,S_AbandonedHouse_1,S_ZomSoldier_Med"/>
    <property name="SleeperVolumeGameStageAdjust" value=",,,"/>
    <property name="SleeperIsLootVolume" value="False,False,False,False"/>
</prefab>
