<?xml version="1.0" encoding="UTF-8"?>
<prefab>
    <property name="CopyAirBlocks" value="False"/>
    <property name="AllowTopSoilDecorations" value="True"/>
    <property name="TraderArea" value="False"/>
    <property name="ExcludeDistantPOIMesh" value="False"/>
    <property name="Zoning" value="ResidentialNew"/>
    <property name="RotationToFaceNorth" value="1"/>
    <property name="DistantPOIYOffset" value="0"/>
    <property name="AllowedBiomes" value="burnt_forest,snow,plains,pine_forest,forest,desert,wasteland"/>
    <property name="AllowedTownships" value="rural,town,wilderness"/>
    <property name="SleeperVolumeStart" value="5,1,3"/>
    <property name="SleeperVolumeSize" value="6,3,11"/>
    <property name="SleeperVolumeGroup" value="S_Badass_S"/>
    <property name="SleeperVolumeGameStageAdjust" value=""/>
    <property name="SleeperIsLootVolume" value="False"/>
</prefab>
