<?xml version="1.0" encoding="UTF-8"?>
<prefab>
    <property name="CopyAirBlocks" value="False"/>
    <property name="AllowTopSoilDecorations" value="True"/>
    <property name="TraderArea" value="False"/>
    <property name="ExcludeDistantPOIMesh" value="False"/>
    <property name="Zoning" value="Commercial"/>
    <property name="RotationToFaceNorth" value="3"/>
    <property name="YOffset" value="-10"/>
    <property name="DistantPOIYOffset" value="0"/>
    <property name="AllowedBiomes" value="snow"/>
    <property name="AllowedTownships" value="rural,wilderness"/>
    <property name="SleeperVolumeStart" value="2,10,3"/>
    <property name="SleeperVolumeSize" value="17,3,52"/>
    <property name="SleeperVolumeGroup" value="S_Default_Med"/>
    <property name="SleeperVolumeGameStageAdjust" value=""/>
    <property name="SleeperIsLootVolume" value="False"/>
</prefab>
